<ehcache xmlns:xsi="http://www.w3.org/2001/XMLSchema-instance" xsi:noNamespaceSchemaLocation="ehcache.xsd"
         updateCheck="true" monitoring="autodetect" dynamicConfig="true">

    <defaultCache maxEntriesLocalHeap="10000" eternal="false" timeToIdleSeconds="120" timeToLiveSeconds="120" memoryStoreEvictionPolicy="LRU">
        <persistence strategy="none"/>
    </defaultCache>

    <cache name="caseDetails" maxEntriesLocalHeap="100000"
           eternal="false" timeToIdleSeconds="1800" timeToLiveSeconds="1800"
           memoryStoreEvictionPolicy="LFU" transactionalMode="off">
        <persistence strategy="none"/>
    </cache>

    <cache name="pendingSubmissions" maxEntriesLocalHeap="100000"
           eternal="false" timeToIdleSeconds="1800" timeToLiveSeconds="1800"
           memoryStoreEvictionPolicy="LFU" transactionalMode="off">
        <persistence strategy="none"/>
    </cache>

    <cache name="quality" maxEntriesLocalHeap="100000"
           eternal="false" timeToIdleSeconds="1800" timeToLiveSeconds="1800"
           memoryStoreEvictionPolicy="LFU" transactionalMode="off">
        <persistence strategy="none"/>
    </cache>

    <cache name="receivedCases" maxEntriesLocalHeap="100000"
           eternal="false" timeToIdleSeconds="1800" timeToLiveSeconds="1800"
           memoryStoreEvictionPolicy="LFU" transactionalMode="off">
        <persistence strategy="none"/>
    </cache>

    <cache name="workload" maxEntriesLocalHeap="100000"
           eternal="false" timeToIdleSeconds="1800" timeToLiveSeconds="1800"
           memoryStoreEvictionPolicy="LFU" transactionalMode="off">
        <persistence strategy="none"/>
    </cache>

    <cache name="user" maxEntriesLocalHeap="1000"
           eternal="false" timeToIdleSeconds="1800" timeToLiveSeconds="1800"
           memoryStoreEvictionPolicy="LFU" transactionalMode="off">
        <persistence strategy="none"/>
    </cache>
</ehcache>